{"cameraMode":{"drawMode":0,"name":"Shaded","section":"Shading Mode"},"sceneLighting":true,"audioPlay":false,"sceneViewState":{"m_AlwaysRefresh":false,"showFog":true,"showSkybox":true,"showFlares":true,"showImageEffects":true,"showParticleSystems":true,"showVisualEffectGraphs":true,"m_FxEnabled":true},"in2DMode":false,"pivot":{"x":-34.887176513671878,"y":30.635169982910158,"z":93.80077362060547},"rotation":{"x":-0.007115184795111418,"y":-0.9795178771018982,"z":0.19836148619651795,"w":-0.03498132526874542},"size":11.025599479675293,"orthographic":false}